{
  "normal": 0.294354136034417,
  "spoofing": 0.7401122787799952,
  "database_attack": 8.186633850814086,
  "brute_force": 14.93671848013817,
  "upload_attack": 16.00362694300518
}